"Item_ID","Part_Name","Qty","Category","Material","Manufacturing_Method","Fastener_Size","Selected_Component","Status","Notes"
"B-001","J1_BaseTray","1","printed","TBD polymer","FDM candidate","","TBD","PROVISIONAL",""
"B-002","J1_MotorMount","1","printed","TBD polymer","FDM candidate","","TBD","PROVISIONAL",""
"B-003","J1_BearingSeat","1","printed","TBD polymer","FDM candidate","","TBD","PROVISIONAL",""
"B-004","J1_BearingPlaceholder","1","bearing","TBD metal","Purchased reference","","TBD","PLACEHOLDER",""
"B-005","J1_OutputAdapter","1","metal","TBD metal","Machining TBD","","TBD","PROVISIONAL",""
"B-006","J1_OutputHub","1","metal","TBD metal","Machining TBD","","TBD","PROVISIONAL",""
"B-007","J1_RotatingPlatform","1","printed","TBD polymer","FDM candidate","","TBD","PROVISIONAL",""
"B-008","J1_CyberGear_Motor","1","MOTOR_REFERENCE","Purchased motor","Purchased","","CyberGear reference","HARDWARE_VERIFY","One motor assembly: J1_CyberGear_Stator + J1_CyberGear_Rotor reference shapes. Hardware verify."
"B-010","J2_CyberGear_Motor","1","MOTOR_REFERENCE","Purchased motor","Purchased","","CyberGear reference","HARDWARE_VERIFY","One motor assembly: J2_CyberGear_Stator + J2_CyberGear_Rotor reference shapes. Hardware verify."
"B-012","J3_CyberGear_Motor","1","MOTOR_REFERENCE","Purchased motor","Purchased","","CyberGear reference","HARDWARE_VERIFY","One motor assembly: J3_CyberGear_Stator + J3_CyberGear_Rotor reference shapes. Hardware verify."
"B-014","J4_CyberGear_Motor","1","MOTOR_REFERENCE","Purchased motor","Purchased","","CyberGear reference","HARDWARE_VERIFY","One motor assembly: J4_CyberGear_Stator + J4_CyberGear_Rotor reference shapes. Hardware verify."
"B-016","J5_CyberGear_Motor","1","MOTOR_REFERENCE","Purchased motor","Purchased","","CyberGear reference","HARDWARE_VERIFY","One motor assembly: J5_CyberGear_Stator + J5_CyberGear_Rotor reference shapes. Hardware verify."
"B-018","J6_CyberGear_Motor","1","MOTOR_REFERENCE","Purchased motor","Purchased","","CyberGear reference","HARDWARE_VERIFY","One motor assembly: J6_CyberGear_Stator + J6_CyberGear_Rotor reference shapes. Hardware verify."
"B-020","J2_StatorPedestal","1","printed","TBD polymer","FDM candidate","","TBD","PROVISIONAL","PROVISIONAL"
"B-021","J2_OppositeBearingPedestal","1","printed","TBD polymer","FDM candidate","","TBD","PROVISIONAL","PROVISIONAL"
"B-022","J2_BearingRetainer","1","printed","TBD polymer","FDM candidate","","TBD","PROVISIONAL","PROVISIONAL"
"B-023","J2_BearingPlaceholder","1","bearing","TBD metal","Purchased reference","","TBD","PLACEHOLDER","GEOMETRIC PLACEHOLDER 20x32x10"
"B-024","J2_OutputCheek","1","printed","TBD polymer","FDM candidate","","TBD","PROVISIONAL","PROVISIONAL"
"B-025","J2_OppositeForkCheek","1","printed","TBD polymer","FDM candidate","","TBD","PROVISIONAL","PROVISIONAL"
"B-026","J2_ShortOutputHub","1","metal","TBD metal","Machining TBD","","TBD","PROVISIONAL","PROVISIONAL"
"B-027","J2_ShortBearingStub","1","metal","TBD metal","Machining TBD","","TBD","PROVISIONAL","PROVISIONAL"
"B-028","Upper_CentralBox","1","printed","TBD polymer","FDM candidate","","TBD","PROVISIONAL","PROVISIONAL"
"B-029","Upper_RemovableCover","1","printed","TBD polymer","FDM candidate","","TBD","PROVISIONAL","PROVISIONAL"
"B-030","J3_StatorMount","1","printed","TBD polymer","FDM candidate","","TBD","PROVISIONAL","PROVISIONAL"
"B-031","J3_FixedBearingSupport","1","printed","TBD polymer","FDM candidate","","TBD","PROVISIONAL","PROVISIONAL"
"B-032","J3_BearingRetainer","1","printed","TBD polymer","FDM candidate","","TBD","PROVISIONAL","PROVISIONAL"
"B-033","J3_BearingPlaceholder","1","bearing","TBD metal","Purchased reference","","TBD","PLACEHOLDER","GEOMETRIC PLACEHOLDER 20x32x10"
"B-034","J3_OutputForkCheek","1","printed","TBD polymer","FDM candidate","","TBD","PROVISIONAL","PROVISIONAL"
"B-035","J3_OppositeForkCheek","1","printed","TBD polymer","FDM candidate","","TBD","PROVISIONAL","PROVISIONAL"
"B-036","J3_ShortOutputHub","1","metal","TBD metal","Machining TBD","","TBD","PROVISIONAL","PROVISIONAL"
"B-037","J3_ShortBearingStub","1","metal","TBD metal","Machining TBD","","TBD","PROVISIONAL","PROVISIONAL"
"B-038","J4_ProximalStatorHousing","1","printed","TBD polymer","FDM candidate","","TBD","PROVISIONAL","PROVISIONAL"
"B-039","J4_ProximalBearingRetainer","1","printed","TBD polymer","FDM candidate","","TBD","PROVISIONAL","PROVISIONAL"
"B-040","J4_ProximalBearingHousing","1","printed","TBD polymer","FDM candidate","","TBD","PROVISIONAL","PROVISIONAL"
"B-041","J4_ProximalBearing","1","bearing","TBD metal","Purchased reference","","TBD","PLACEHOLDER","GEOMETRIC PLACEHOLDER 22.2x32x10"
"B-042","J4_DistalBearingRetainer","1","printed","TBD polymer","FDM candidate","","TBD","PROVISIONAL","PROVISIONAL"
"B-043","J4_DistalBearingHousing","1","printed","TBD polymer","FDM candidate","","TBD","PROVISIONAL","PROVISIONAL"
"B-044","J4_DistalBearing","1","bearing","TBD metal","Purchased reference","","TBD","PLACEHOLDER","GEOMETRIC PLACEHOLDER 22.2x32x10"
"B-045","Forearm_CentralBox","1","printed","TBD polymer","FDM candidate","","TBD","PROVISIONAL","PROVISIONAL"
"B-046","Forearm_RemovableCover","1","printed","TBD polymer","FDM candidate","","TBD","PROVISIONAL","PROVISIONAL"
"B-047","J4_MotorOutputAdapter","1","metal","TBD metal","Machining TBD","","TBD","PROVISIONAL","PROVISIONAL"
"B-048","J4_TorqueTube","1","metal","TBD metal","Machining TBD","","TBD","PROVISIONAL","PROVISIONAL"
"B-049","J4_DistalOutputHub","1","metal","TBD metal","Machining TBD","","TBD","PROVISIONAL","PROVISIONAL"
"B-050","J5_CompactStatorSupport","1","metal","TBD metal","Machining TBD","","TBD","PROVISIONAL","PROVISIONAL compact wrist; hardware and loads unverified"
"B-051","J5_RemovableBearingSeat","1","metal","TBD metal","Machining TBD","","TBD","PROVISIONAL","PROVISIONAL compact wrist; hardware and loads unverified"
"B-052","J5_OutputSupportBearing","1","bearing","TBD metal","Purchased reference","","TBD","PLACEHOLDER","GEOMETRIC PLACEHOLDER 15x32x9; single outboard support plus motor internal bearings"
"B-053","J5_BearingRetainer","1","printed","TBD polymer","FDM candidate","","TBD","PROVISIONAL","PROVISIONAL compact wrist; hardware and loads unverified"
"B-054","J5_ShortOutputHub","1","metal","TBD metal","Machining TBD","","TBD","PROVISIONAL","PROVISIONAL compact wrist; hardware and loads unverified"
"B-055","J6_OnePieceConnector","1","metal","TBD metal","Machining TBD","","TBD","PROVISIONAL","ONE-PIECE metal flange/web/ring connector; process, stiffness and preload unverified"
"B-056","J6_OutputBearing","1","bearing","TBD metal","Purchased reference","","TBD","PLACEHOLDER","GEOMETRIC PLACEHOLDER 15x32x9"
"B-057","J6_BearingRetainer","1","printed","TBD polymer","FDM candidate","","TBD","PROVISIONAL","PROVISIONAL compact wrist; hardware and loads unverified"
"B-058","J6_ShortOutputHub","1","metal","TBD metal","Machining TBD","","TBD","PROVISIONAL","Metal output neck installed with motor from rear; support seat remains on connector"
"B-059","J6_RemovableToolAdapter","1","metal","TBD metal","Machining TBD","","TBD","PROVISIONAL","Removable split-clamp tool adapter, 13 mm engagement; axial retention and torque capacity provisional"
"B-060","M3_Bolt","109","FASTENER","Steel TBD","Purchased","M3","TBD supplier","HARDWARE_VERIFY","Installed envelopes; bolt length TBD; each instance traced by fastener_schedule; washer envelope is provisional"
"B-061","M3_HeadWasher","29","FASTENER","Steel TBD","Purchased","M3","TBD supplier","HARDWARE_VERIFY","Installed envelopes; bolt length TBD; each instance traced by fastener_schedule; washer envelope is provisional"
"B-062","M3_LockNut","51","FASTENER","Steel TBD","Purchased","M3","TBD supplier","HARDWARE_VERIFY","Installed envelopes; bolt length TBD; each instance traced by fastener_schedule; washer envelope is provisional"
"B-063","M3_NutWasher","29","FASTENER","Steel TBD","Purchased","M3","TBD supplier","HARDWARE_VERIFY","Installed envelopes; bolt length TBD; each instance traced by fastener_schedule; washer envelope is provisional"
"B-064","M4_Bolt","65","FASTENER","Steel TBD","Purchased","M4","TBD supplier","HARDWARE_VERIFY","Installed envelopes; bolt length TBD; each instance traced by fastener_schedule; washer envelope is provisional"
"B-065","M4_HeadWasher","20","FASTENER","Steel TBD","Purchased","M4","TBD supplier","HARDWARE_VERIFY","Installed envelopes; bolt length TBD; each instance traced by fastener_schedule; washer envelope is provisional"
"B-066","M4_LockNut","22","FASTENER","Steel TBD","Purchased","M4","TBD supplier","HARDWARE_VERIFY","Installed envelopes; bolt length TBD; each instance traced by fastener_schedule; washer envelope is provisional"
"B-067","M4_NutWasher","20","FASTENER","Steel TBD","Purchased","M4","TBD supplier","HARDWARE_VERIFY","Installed envelopes; bolt length TBD; each instance traced by fastener_schedule; washer envelope is provisional"
"B-068","M5_Bolt","4","FASTENER","Steel TBD","Purchased","M5","TBD supplier","HARDWARE_VERIFY","Installed envelopes; bolt length TBD; each instance traced by fastener_schedule; washer envelope is provisional"
"B-069","M5_HeadWasher","4","FASTENER","Steel TBD","Purchased","M5","TBD supplier","HARDWARE_VERIFY","Installed envelopes; bolt length TBD; each instance traced by fastener_schedule; washer envelope is provisional"
"B-070","M5_LockNut","4","FASTENER","Steel TBD","Purchased","M5","TBD supplier","HARDWARE_VERIFY","Installed envelopes; bolt length TBD; each instance traced by fastener_schedule; washer envelope is provisional"
"B-071","M5_NutWasher","4","FASTENER","Steel TBD","Purchased","M5","TBD supplier","HARDWARE_VERIFY","Installed envelopes; bolt length TBD; each instance traced by fastener_schedule; washer envelope is provisional"
"B-072","FourWayNutBlock","0","CATALOG","Metal TBD","Purchased","M4","2-M4*8-H10*22","PROVISIONAL / IMAGE SPECIFICATION","User will purchase fifth row. 90 degree independent-plate connections only. Current interfaces are parallel stacks or integral ribs, installed0. Hole depths TBD."
